rolls	index	token
1111	0	album
1112	1	ao
1113	2	ba
1114	3	banh
1115	4	bay
1116	5	be
1121	6	bia
1122	7	binh
1123	8	biết
1124	9	biển
1125	10	biện
1126	11	biệt
1131	12	buồn
1132	13	buổi
1133	14	buộc
1134	15	bà
1135	16	bài
1136	17	bàn
1141	18	bàng
1142	19	bào
1143	20	bày
1144	21	bám
1145	22	bán
1146	23	bánh
1151	24	bãi
1152	25	bè
1153	26	bén
1154	27	béo
1155	28	bê
1156	29	bên
1161	30	bì
1162	31	bò
1163	32	bó
1164	33	bóc
1165	34	bóp
1166	35	bù
1211	36	búa
1212	37	búp
1213	38	bút
1214	39	băng
1215	40	bước
1216	41	bạ
1221	42	bại
1222	43	bả
1223	44	bảng
1224	45	bấm
1225	46	bấy
1226	47	bẩn
1231	48	bẫy
1232	49	bậc
1233	50	bắp
1234	51	bắt
1235	52	bẻ
1236	53	bế
1241	54	bếp
1242	55	bề
1243	56	bền
1244	57	bệnh
1245	58	bị
1246	59	bọc
1251	60	bỏ
1252	61	bỏng
1253	62	bố
1254	63	bồi
1255	64	bột
1256	65	bớt
1261	66	bờ
1262	67	bụi
1263	68	bụng
1264	69	bức
1265	70	bừa
1266	71	bữa
1311	72	bực
1312	73	cay
1313	74	chanh
1314	75	chay
1315	76	che
1316	77	chia
1321	78	chiếm
1322	79	chiếu
1323	80	chiều
1324	81	cho
1325	82	chui
1326	83	chuyên
1331	84	chuyến
1332	85	chuyền
1333	86	chuông
1334	87	chuẩn
1335	88	chuồn
1336	89	chuồng
1341	90	chuỗi
1342	91	chuộc
1343	92	chuộng
1344	93	chuột
1345	94	chà
1346	95	chào
1351	96	chày
1352	97	chán
1353	98	cháu
1354	99	châm
1355	100	chén
1356	101	chéo
1361	102	chê
1362	103	chì
1363	104	chìm
1364	105	chí
1365	106	chín
1366	107	chính
1411	108	chói
1412	109	chôn
1413	110	chùa
1414	111	chùm
1415	112	chúc
1416	113	chút
1421	114	chăn
1422	115	chơi
1423	116	chướng
1424	117	chạm
1425	118	chạy
1426	119	chải
1431	120	chảo
1432	121	chảy
1433	122	chấm
1434	123	chấp
1435	124	chất
1436	125	chậm
1441	126	chật
1442	127	chắc
1443	128	chắn
1444	129	chằm
1445	130	chặn
1446	131	chặng
1451	132	chặt
1452	133	chết
1453	134	chỉnh
1454	135	chịu
1455	136	chọc
1456	137	chọn
1461	138	chối
1462	139	chống
1463	140	chồng
1464	141	chỗ
1465	142	chớp
1466	143	chờ
1511	144	chở
1512	145	chợ
1513	146	chục
1514	147	chụp
1515	148	chủ
1516	149	chứa
1521	150	chức
1522	151	chứng
1523	152	chừng
1524	153	chửi
1525	154	chữa
1526	155	coi
1531	156	cung
1532	157	cuối
1533	158	cuốn
1534	159	cuộc
1535	160	cuộn
1536	161	cà
1541	162	cám
1542	163	cán
1543	164	cát
1544	165	cãi
1545	166	còi
1546	167	còn
1551	168	có
1552	169	cùng
1553	170	cú
1554	171	căm
1555	172	cũ
1556	173	cơn
1561	174	cưng
1562	175	cương
1563	176	cưới
1564	177	cướp
1565	178	cười
1566	179	cưỡi
1611	180	cưỡng
1612	181	cược
1613	182	cạn
1614	183	cạnh
1615	184	cạo
1616	185	cả
1621	186	cải
1622	187	cảm
1623	188	cản
1624	189	cảng
1625	190	cấm
1626	191	cấp
1631	192	cất
1632	193	cấu
1633	194	cẩn
1634	195	cập
1635	196	cậu
1636	197	cắm
1641	198	cắp
1642	199	cắt
1643	200	cọ
1644	201	cố
1645	202	cối
1646	203	cốt
1651	204	cồn
1652	205	cổ
1653	206	cổng
1654	207	cỗ
1655	208	cột
1656	209	cờ
1661	210	cởi
1662	211	cỡ
1663	212	cụ
1664	213	cục
1665	214	cụm
1666	215	cụt
2111	216	của
2112	217	củi
2113	218	cứng
2114	219	cứu
2115	220	cừu
2116	221	cử
2121	222	cự
2122	223	cực
2123	224	dinh
2124	225	diêm
2125	226	diệt
2126	227	duyệt
2131	228	dài
2132	229	dàn
2133	230	dành
2134	231	dày
2135	232	dán
2136	233	dáng
2141	234	dâm
2142	235	dân
2143	236	dâng
2144	237	dây
2145	238	dã
2146	239	dì
2151	240	dính
2152	241	dò
2153	242	dòng
2154	243	dõi
2155	244	dư
2156	245	dưa
2161	246	dưỡng
2162	247	dược
2163	248	dạ
2164	249	dại
2165	250	dạng
2166	251	dạo
2211	252	dạy
2212	253	dải
2213	254	dầu
2214	255	dập
2215	256	dắt
2216	257	dặm
2221	258	dặn
2222	259	dẹp
2223	260	dễ
2224	261	dị
2225	262	dịch
2226	263	dịp
2231	264	dịu
2232	265	dọa
2233	266	dọc
2234	267	dọn
2235	268	dối
2236	269	dỗ
2241	270	dội
2242	271	dở
2243	272	dụ
2244	273	dục
2245	274	dụng
2246	275	dứt
2251	276	dừa
2252	277	dự
2253	278	dựa
2254	279	dựng
2255	280	em
2256	281	gai
2261	282	gan
2262	283	gay
2263	284	ghen
2264	285	ghé
2265	286	ghét
2266	287	ghế
2311	288	giai
2312	289	giam
2313	290	gian
2314	291	giao
2315	292	gieo
2316	293	giành
2321	294	giày
2322	295	giá
2323	296	giáo
2324	297	giây
2325	298	giãn
2326	299	gió
2331	300	giúp
2332	301	giơ
2333	302	giường
2334	303	giả
2335	304	giải
2336	305	giảm
2341	306	giảng
2342	307	giấu
2343	308	giấy
2344	309	giận
2345	310	giật
2346	311	giặc
2351	312	giặt
2352	313	giếng
2353	314	giết
2354	315	giọng
2355	316	giọt
2356	317	giữ
2361	318	gu
2362	319	gào
2363	320	gác
2364	321	gánh
2365	322	gãy
2366	323	góc
2411	324	gói
2412	325	góp
2413	326	gõ
2414	327	găng
2415	328	gương
2416	329	gạch
2421	330	gạt
2422	331	gấp
2423	332	gầm
2424	333	gần
2425	334	gậy
2426	335	gắn
2431	336	gắng
2432	337	gắt
2433	338	gặp
2434	339	gọi
2435	340	gọn
2436	341	gốc
2441	342	gối
2442	343	gồm
2443	344	gỗ
2444	345	gởi
2445	346	gỡ
2446	347	gợi
2451	348	gục
2452	349	gửi
2453	350	hai
2454	351	hang
2455	352	heo
2456	353	hiếm
2461	354	hiểm
2462	355	hiểu
2463	356	hiện
2464	357	ho
2465	358	hoang
2466	359	hoàn
2511	360	hoãn
2512	361	hoạn
2513	362	hoảng
2514	363	hái
2515	364	hát
2516	365	hâm
2521	366	hãi
2522	367	hèn
2523	368	hét
2524	369	hít
2525	370	hò
2526	371	hóa
2531	372	hô
2532	373	hôi
2533	374	hút
2534	375	hăng
2535	376	hơi
2536	377	hơn
2541	378	hư
2542	379	hưởng
2543	380	hạc
2544	381	hại
2545	382	hạn
2546	383	hạng
2551	384	hả
2552	385	hấp
2553	386	hẹn
2554	387	hẹp
2555	388	hề
2556	389	họa
2561	390	học
2562	391	họng
2563	392	họp
2564	393	hỏa
2565	394	hỏi
2566	395	hỏng
2611	396	hố
2612	397	hối
2613	398	hồn
2614	399	hỗn
2615	400	hộ
2616	401	hội
2621	402	hộp
2622	403	hợp
2623	404	hủy
2624	405	hứng
2625	406	hữu
2626	407	im
2631	408	in
2632	409	kem
2633	410	khai
2634	411	khao
2635	412	khen
2636	413	khi
2641	414	khinh
2642	415	khiến
2643	416	khiếp
2644	417	khiếu
2645	418	kho
2646	419	khoan
2651	420	khoe
2652	421	khoác
2653	422	khoái
2654	423	khoản
2655	424	khoảng
2656	425	khoảnh
2661	426	khoẻ
2662	427	khu
2663	428	khung
2664	429	khuya
2665	430	khuyên
2666	431	khuyết
3111	432	khuôn
3112	433	khá
3113	434	khác
3114	435	khái
3115	436	khát
3116	437	khéo
3121	438	khía
3122	439	khích
3123	440	khó
3124	441	khóa
3125	442	khóc
3126	443	khói
3131	444	khăn
3132	445	khơi
3133	446	khỉ
3134	447	khỏi
3135	448	khối
3136	449	khổ
3141	450	khớp
3142	451	khởi
3143	452	khủng
3144	453	kia
3145	454	kiến
3146	455	kiếp
3151	456	kiềm
3152	457	kiểm
3153	458	kiểu
3154	459	kiệm
3155	460	kiện
3156	461	kèm
3161	462	kém
3162	463	kéo
3163	464	két
3164	465	kê
3165	466	kênh
3166	467	kìm
3211	468	kích
3212	469	ký
3213	470	kĩ
3214	471	kẹo
3215	472	kẹt
3216	473	kế
3221	474	kết
3222	475	kể
3223	476	kệ
3224	477	kịch
3225	478	kỷ
3226	479	lanh
3231	480	lao
3232	481	lau
3233	482	len
3234	483	leo
3235	484	liền
3236	485	liều
3241	486	liệt
3242	487	lo
3243	488	loa
3244	489	loại
3245	490	loạn
3246	491	loạt
3251	492	luyện
3252	493	luật
3253	494	là
3254	495	làm
3255	496	làn
3256	497	làng
3261	498	lành
3262	499	lách
3263	500	láng
3264	501	lánh
3265	502	lây
3266	503	lãnh
3311	504	lên
3312	505	lính
3313	506	lòng
3314	507	lô
3315	508	lông
3316	509	lõi
3321	510	lùi
3322	511	lùn
3323	512	lùng
3324	513	lúc
3325	514	lăn
3326	515	lơ
3331	516	lưng
3332	517	lưới
3333	518	lướt
3334	519	lười
3335	520	lường
3336	521	lưỡi
3341	522	lược
3342	523	lượn
3343	524	lượng
3344	525	lượt
3345	526	lạ
3346	527	lạnh
3351	528	lạp
3352	529	lấp
3353	530	lấy
3354	531	lần
3355	532	lẫn
3356	533	lận
3361	534	lật
3362	535	lậu
3363	536	lắc
3364	537	lắng
3365	538	lặn
3366	539	lặng
3411	540	lẻ
3412	541	lều
3413	542	lệch
3414	543	lệnh
3415	544	lịch
3416	545	lọc
3421	546	lọt
3422	547	lỏng
3423	548	lối
3424	549	lỗi
3425	550	lộ
3426	551	lội
3431	552	lộn
3432	553	lột
3433	554	lớn
3434	555	lờ
3435	556	lỡ
3436	557	lụa
3441	558	lụt
3442	559	lừa
3443	560	lửa
3444	561	lựa
3445	562	lựu
3446	563	manh
3451	564	mau
3452	565	miếng
3453	566	miền
3454	567	miễn
3455	568	miệng
3456	569	mong
3461	570	muối
3462	571	muốn
3463	572	muỗi
3464	573	mài
3465	574	màn
3466	575	màng
3511	576	má
3512	577	mái
3513	578	máu
3514	579	mâu
3515	580	mây
3516	581	mét
3521	582	mê
3522	583	mình
3523	584	mò
3524	585	móng
3525	586	mô
3526	587	môi
3531	588	môn
3532	589	mù
3533	590	múa
3534	591	mũ
3535	592	mưa
3536	593	mưu
3541	594	mượn
3542	595	mạch
3543	596	mạn
3544	597	mạng
3545	598	mạo
3546	599	mạt
3551	600	mảnh
3552	601	mất
3553	602	mập
3554	603	mặc
3555	604	mặn
3556	605	mẻ
3561	606	mẽ
3562	607	mềm
3563	608	mệt
3564	609	mọc
3565	610	mỏi
3566	611	mỏng
3611	612	mồm
3612	613	một
3613	614	mới
3614	615	mờ
3615	616	mời
3616	617	mở
3621	618	mỡ
3622	619	mục
3623	620	mức
3624	621	mừng
3625	622	nan
3626	623	ngang
3631	624	nghe
3632	625	nghi
3633	626	nghiên
3634	627	nghiêng
3635	628	nghiệm
3636	629	nghiện
3641	630	nghiệp
3642	631	nghèo
3643	632	nghĩ
3644	633	nghề
3645	634	ngoan
3646	635	ngoài
3651	636	ngoái
3652	637	ngu
3653	638	nguy
3654	639	nguồn
3655	640	nguội
3656	641	ngành
3661	642	ngày
3662	643	ngâm
3663	644	ngây
3664	645	ngôn
3665	646	ngăn
3666	647	ngơi
4111	648	ngưng
4112	649	ngưỡng
4113	650	ngược
4114	651	ngại
4115	652	ngạo
4116	653	ngất
4121	654	ngầm
4122	655	ngần
4123	656	ngẩn
4124	657	ngẫu
4125	658	ngập
4126	659	ngắm
4131	660	ngắn
4132	661	ngắt
4133	662	ngọn
4134	663	ngọt
4135	664	ngồi
4136	665	ngột
4141	666	ngờ
4142	667	ngục
4143	668	ngủ
4144	669	ngứa
4145	670	ngừng
4146	671	ngực
4151	672	nhai
4152	673	nhanh
4153	674	nhau
4154	675	nhiễm
4155	676	nhiệt
4156	677	nhu
4161	678	nhuộm
4162	679	nhà
4163	680	nhàm
4164	681	nhào
4165	682	nhánh
4166	683	nháy
4211	684	nhãn
4212	685	nhìn
4213	686	nhí
4214	687	nhóc
4215	688	nhóm
4216	689	nhăn
4221	690	nhường
4222	691	nhạc
4223	692	nhạy
4224	693	nhảy
4225	694	nhấc
4226	695	nhầm
4231	696	nhẫn
4232	697	nhận
4233	698	nhắm
4234	699	nhắn
4235	700	nhằm
4236	701	nhặt
4241	702	nhện
4242	703	nhị
4243	704	nhịn
4244	705	nhịp
4245	706	nhỏ
4246	707	nhốt
4251	708	nhồi
4252	709	nhổ
4253	710	nhớ
4254	711	nhục
4255	712	nhức
4256	713	nhựa
4261	714	ninh
4262	715	niềm
4263	716	niệm
4264	717	non
4265	718	nuôi
4266	719	nâng
4311	720	nâu
4312	721	não
4313	722	né
4314	723	ném
4315	724	nén
4316	725	nét
4321	726	nên
4322	727	nói
4323	728	nón
4324	729	nóng
4325	730	núi
4326	731	năm
4331	732	nạn
4332	733	nản
4333	734	nấm
4334	735	nấu
4335	736	nắm
4336	737	nắng
4341	738	nắp
4342	739	nằm
4343	740	nếm
4344	741	nến
4345	742	nếp
4346	743	nề
4351	744	nền
4352	745	nối
4353	746	nồi
4354	747	nồng
4355	748	nổ
4356	749	nổi
4361	750	nộp
4362	751	nở
4363	752	nợ
4364	753	nụ
4365	754	nứt
4366	755	nửa
4411	756	nữ
4412	757	oan
4413	758	ong
4414	759	pha
4415	760	phanh
4416	761	phim
4421	762	phiếu
4422	763	phiền
4423	764	pho
4424	765	phun
4425	766	phá
4426	767	phác
4431	768	phái
4432	769	phán
4433	770	pháo
4434	771	phát
4435	772	phì
4436	773	phía
4441	774	phím
4442	775	phòng
4443	776	phóng
4444	777	phù
4445	778	phút
4446	779	phơi
4451	780	phạt
4452	781	phải
4453	782	phản
4454	783	phấn
4455	784	phẩm
4456	785	phẳng
4461	786	phỏng
4462	787	phổi
4463	788	phức
4464	789	pin
4465	790	quanh
4466	791	quay
4511	792	que
4512	793	quen
4513	794	quy
4514	795	quyến
4515	796	quà
4516	797	quán
4521	798	quãng
4522	799	quét
4523	800	quên
4524	801	quạ
4525	802	quấy
4526	803	quần
4531	804	quầy
4532	805	quỳ
4533	806	quỷ
4534	807	quỹ
4535	808	rang
4536	809	rau
4541	810	riêng
4542	811	robot
4543	812	roi
4544	813	run
4545	814	rung
4546	815	ruồi
4551	816	ruộng
4552	817	ruột
4553	818	ràng
4554	819	rào
4555	820	rách
4556	821	rán
4561	822	ráp
4562	823	râu
4563	824	rã
4564	825	rèn
4565	826	rên
4566	827	rô
4611	828	rõ
4612	829	rùa
4613	830	răng
4614	831	rơi
4615	832	rượu
4616	833	rạp
4621	834	rảnh
4622	835	rập
4623	836	rắc
4624	837	rắn
4625	838	rỉ
4626	839	rồng
4631	840	rổ
4632	841	rỗi
4633	842	rỗng
4634	843	rộn
4635	844	rớt
4636	845	rời
4641	846	rụng
4642	847	rủi
4643	848	rừng
4644	849	rửa
4645	850	sa
4646	851	sai
4651	852	sam
4652	853	sau
4653	854	so
4654	855	soát
4655	856	soạn
4656	857	sung
4661	858	suy
4662	859	suất
4663	860	suốt
4664	861	sàn
4665	862	sàng
4666	863	sánh
5111	864	sáo
5112	865	sân
5113	866	sâu
5114	867	sét
5115	868	sóc
5116	869	sói
5121	870	sóng
5122	871	sót
5123	872	sô
5124	873	sôi
5125	874	sông
5126	875	sùng
5131	876	súc
5132	877	súp
5133	878	sút
5134	879	sư
5135	880	sương
5136	881	sướng
5141	882	sưởi
5142	883	sạch
5143	884	sạn
5144	885	sấu
5145	886	sập
5146	887	sắt
5151	888	sẵn
5152	889	sẻ
5153	890	sếp
5154	891	sọc
5155	892	sốt
5156	893	sổ
5161	894	sờ
5162	895	sở
5163	896	sợ
5164	897	sợi
5165	898	sụp
5166	899	sụt
5211	900	sức
5212	901	sừng
5213	902	tai
5214	903	tan
5215	904	tay
5216	905	tha
5221	906	thai
5222	907	tham
5223	908	than
5224	909	thang
5225	910	thay
5226	911	the
5231	912	theo
5232	913	thiêng
5233	914	thiết
5234	915	thiếu
5235	916	thiền
5236	917	thiệp
5241	918	thiệt
5242	919	thoát
5243	920	thoại
5244	921	thoảng
5245	922	thua
5246	923	thuyết
5251	924	thuê
5252	925	thuần
5253	926	thuế
5254	927	thuộc
5255	928	thách
5256	929	tháng
5261	930	thánh
5262	931	tháo
5263	932	tháp
5264	933	thèm
5265	934	thêm
5266	935	thì
5311	936	thí
5312	937	thói
5313	938	thô
5314	939	thôn
5315	940	thù
5316	941	thùng
5321	942	thúc
5322	943	thăm
5323	944	thưa
5324	945	thước
5325	946	thượng
5326	947	thải
5331	948	thảm
5332	949	thấp
5333	950	thất
5334	951	thấu
5335	952	thấy
5336	953	thận
5341	954	thật
5342	955	thắt
5343	956	thế
5344	957	thề
5345	958	thịt
5346	959	thỏa
5351	960	thối
5352	961	thống
5353	962	thổi
5354	963	thở
5355	964	thợ
5356	965	thụ
5361	966	thủ
5362	967	thức
5363	968	thử
5364	969	thực
5365	970	tia
5366	971	tim
5411	972	tin
5412	973	tiêm
5413	974	tiếc
5414	975	tiếng
5415	976	tiếp
5416	977	tiền
5421	978	tiểu
5422	979	tiễn
5423	980	tiệc
5424	981	tiệm
5425	982	tiện
5426	983	to
5431	984	toán
5432	985	tra
5433	986	trai
5434	987	tranh
5435	988	trao
5436	989	treo
5441	990	trinh
5442	991	tro
5443	992	trong
5444	993	truy
5445	994	truyền
5446	995	truyện
5451	996	tràn
5452	997	trào
5453	998	trá
5454	999	trách
5455	1000	trán
5456	1001	tráng
5461	1002	tránh
5462	1003	trên
5463	1004	trêu
5464	1005	tròn
5465	1006	trói
5466	1007	trông
5511	1008	trùm
5512	1009	trùng
5513	1010	trú
5514	1011	trúng
5515	1012	trút
5516	1013	trăng
5521	1014	trơn
5522	1015	trưa
5523	1016	trưởng
5524	1017	trượt
5525	1018	trạm
5526	1019	trả
5531	1020	trải
5532	1021	trận
5533	1022	trắng
5534	1023	trặc
5535	1024	trẻ
5536	1025	trễ
5541	1026	trốn
5542	1027	trống
5543	1028	trồng
5544	1029	trộn
5545	1030	trời
5546	1031	trụ
5551	1032	trục
5552	1033	trứng
5553	1034	trừ
5554	1035	trừng
5555	1036	trữ
5556	1037	tu
5561	1038	tung
5562	1039	tuyến
5563	1040	tuyệt
5564	1041	tuân
5565	1042	tuổi
5566	1043	tàn
5611	1044	tá
5612	1045	tách
5613	1046	tái
5614	1047	tám
5615	1048	tán
5616	1049	tát
5621	1050	té
5622	1051	tìm
5623	1052	tính
5624	1053	tòa
5625	1054	tóc
5626	1055	tóm
5631	1056	tôm
5632	1057	tù
5633	1058	túi
5634	1059	túng
5635	1060	tơ
5636	1061	tươi
5641	1062	tương
5642	1063	tưới
5643	1064	tướng
5644	1065	tường
5645	1066	tạm
5646	1067	tạp
5651	1068	tảng
5652	1069	tầm
5653	1070	tầng
5654	1071	tẩy
5655	1072	tập
5656	1073	tắc
5661	1074	tắm
5662	1075	tắt
5663	1076	tặc
5664	1077	tặng
5665	1078	tế
5666	1079	tỉnh
6111	1080	tịch
6112	1081	tỏa
6113	1082	tố
6114	1083	tối
6115	1084	tốn
6116	1085	tồi
6121	1086	tồn
6122	1087	tổ
6123	1088	tới
6124	1089	tờ
6125	1090	tụ
6126	1091	tụi
6131	1092	tủ
6132	1093	tức
6133	1094	từng
6134	1095	ung
6135	1096	uy
6136	1097	uống
6141	1098	vai
6142	1099	vay
6143	1100	viêm
6144	1101	viết
6145	1102	việc
6146	1103	voi
6151	1104	vua
6152	1105	vuông
6153	1106	và
6154	1107	vàng
6155	1108	vào
6156	1109	vác
6161	1110	ván
6162	1111	váy
6163	1112	vâng
6164	1113	vây
6165	1114	vé
6166	1115	vòi
6211	1116	vô
6212	1117	vùng
6213	1118	vú
6214	1119	vườn
6215	1120	vượt
6216	1121	vả
6221	1122	vải
6222	1123	vấn
6223	1124	vần
6224	1125	vẫy
6225	1126	vận
6226	1127	vắng
6231	1128	vặn
6232	1129	vặt
6233	1130	vẻ
6234	1131	vết
6235	1132	về
6236	1133	vệ
6241	1134	vịnh
6242	1135	vịt
6243	1136	vỏ
6244	1137	vốn
6245	1138	vờ
6246	1139	vở
6251	1140	vỡ
6252	1141	vợ
6253	1142	vợt
6254	1143	vứt
6255	1144	vừa
6256	1145	vững
6261	1146	vực
6262	1147	xem
6263	1148	xi
6264	1149	xin
6265	1150	xinh
6266	1151	xoay
6311	1152	xong
6312	1153	xu
6313	1154	xuống
6314	1155	xài
6315	1156	xá
6316	1157	xác
6321	1158	xách
6322	1159	xám
6323	1160	xây
6324	1161	xé
6325	1162	xì
6326	1163	xích
6331	1164	xóa
6332	1165	xóm
6333	1166	xót
6334	1167	xô
6335	1168	xôi
6336	1169	xông
6341	1170	xúc
6342	1171	xưa
6343	1172	xương
6344	1173	xướng
6345	1174	xưởng
6346	1175	xấu
6351	1176	xắn
6352	1177	xếp
6353	1178	xứng
6354	1179	xử
6355	1180	yêu
6356	1181	yếu
6361	1182	ào
6362	1183	ám
6363	1184	ép
6364	1185	êm
6365	1186	ích
6366	1187	ôi
6411	1188	đa
6412	1189	đau
6413	1190	đe
6414	1191	đem
6415	1192	đen
6416	1193	điên
6421	1194	điềm
6422	1195	điều
6423	1196	điển
6424	1197	điệu
6425	1198	đo
6426	1199	đoán
6431	1200	đua
6432	1201	đun
6433	1202	đuôi
6434	1203	đuối
6435	1204	đuổi
6436	1205	đà
6441	1206	đành
6442	1207	đày
6443	1208	đái
6444	1209	đám
6445	1210	đáng
6446	1211	đáp
6451	1212	đâm
6452	1213	đã
6453	1214	đãi
6454	1215	đè
6455	1216	đèn
6456	1217	đêm
6461	1218	đình
6462	1219	đích
6463	1220	đòn
6464	1221	đó
6465	1222	đói
6466	1223	đón
6511	1224	đôi
6512	1225	đùa
6513	1226	đúc
6514	1227	đúng
6515	1228	đăng
6516	1229	đĩa
6521	1230	đũa
6522	1231	đưa
6523	1232	đạc
6524	1233	đạp
6525	1234	đả
6526	1235	đảo
6531	1236	đấm
6532	1237	đấu
6533	1238	đầu
6534	1239	đầy
6535	1240	đẩy
6536	1241	đậm
6541	1242	đập
6542	1243	đắm
6543	1244	đắp
6544	1245	đắt
6545	1246	đằng
6546	1247	đẳng
6551	1248	đặc
6552	1249	đặt
6553	1250	đẹp
6554	1251	đế
6555	1252	đếm
6556	1253	đến
6561	1254	đền
6562	1255	đều
6563	1256	địch
6564	1257	đọc
6565	1258	đỏ
6566	1259	đố
6611	1260	đối
6612	1261	đống
6613	1262	đốt
6614	1263	đồi
6615	1264	đồn
6616	1265	đổi
6621	1266	động
6622	1267	đới
6623	1268	đời
6624	1269	đợi
6625	1270	đợt
6626	1271	đụng
6631	1272	đủ
6632	1273	đứng
6633	1274	đứt
6634	1275	đừng
6635	1276	đựng
6636	1277	ơn
6641	1278	ưa
6642	1279	ương
6643	1280	ướt
6644	1281	ảnh
6645	1282	ấu
6646	1283	ầm
6651	1284	ẩm
6652	1285	ếch
6653	1286	ốc
6654	1287	ốm
6655	1288	ống
6656	1289	ổn
6661	1290	ủi
6662	1291	ủng
6663	1292	ứng
6664	-	REJECT
6665	-	REJECT
6666	-	REJECT
